USE [master]
GO
/****** Object:  Database [HealthCare]    Script Date: 5/8/2018 9:45:14 PM ******/
CREATE DATABASE [HealthCare]
 CONTAINMENT = NONE
 ON  PRIMARY 
( NAME = N'HealthCare', FILENAME = N'C:\Program Files\Microsoft SQL Server\MSSQL14.SQLEXPRESS\MSSQL\DATA\HealthCare.mdf' , SIZE = 8192KB , MAXSIZE = UNLIMITED, FILEGROWTH = 65536KB )
 LOG ON 
( NAME = N'HealthCare_log', FILENAME = N'C:\Program Files\Microsoft SQL Server\MSSQL14.SQLEXPRESS\MSSQL\DATA\HealthCare_log.ldf' , SIZE = 8192KB , MAXSIZE = 2048GB , FILEGROWTH = 65536KB )
GO
ALTER DATABASE [HealthCare] SET COMPATIBILITY_LEVEL = 140
GO
IF (1 = FULLTEXTSERVICEPROPERTY('IsFullTextInstalled'))
begin
EXEC [HealthCare].[dbo].[sp_fulltext_database] @action = 'enable'
end
GO
ALTER DATABASE [HealthCare] SET ANSI_NULL_DEFAULT OFF 
GO
ALTER DATABASE [HealthCare] SET ANSI_NULLS OFF 
GO
ALTER DATABASE [HealthCare] SET ANSI_PADDING OFF 
GO
ALTER DATABASE [HealthCare] SET ANSI_WARNINGS OFF 
GO
ALTER DATABASE [HealthCare] SET ARITHABORT OFF 
GO
ALTER DATABASE [HealthCare] SET AUTO_CLOSE ON 
GO
ALTER DATABASE [HealthCare] SET AUTO_SHRINK OFF 
GO
ALTER DATABASE [HealthCare] SET AUTO_UPDATE_STATISTICS ON 
GO
ALTER DATABASE [HealthCare] SET CURSOR_CLOSE_ON_COMMIT OFF 
GO
ALTER DATABASE [HealthCare] SET CURSOR_DEFAULT  GLOBAL 
GO
ALTER DATABASE [HealthCare] SET CONCAT_NULL_YIELDS_NULL OFF 
GO
ALTER DATABASE [HealthCare] SET NUMERIC_ROUNDABORT OFF 
GO
ALTER DATABASE [HealthCare] SET QUOTED_IDENTIFIER OFF 
GO
ALTER DATABASE [HealthCare] SET RECURSIVE_TRIGGERS OFF 
GO
ALTER DATABASE [HealthCare] SET  ENABLE_BROKER 
GO
ALTER DATABASE [HealthCare] SET AUTO_UPDATE_STATISTICS_ASYNC OFF 
GO
ALTER DATABASE [HealthCare] SET DATE_CORRELATION_OPTIMIZATION OFF 
GO
ALTER DATABASE [HealthCare] SET TRUSTWORTHY OFF 
GO
ALTER DATABASE [HealthCare] SET ALLOW_SNAPSHOT_ISOLATION OFF 
GO
ALTER DATABASE [HealthCare] SET PARAMETERIZATION SIMPLE 
GO
ALTER DATABASE [HealthCare] SET READ_COMMITTED_SNAPSHOT ON 
GO
ALTER DATABASE [HealthCare] SET HONOR_BROKER_PRIORITY OFF 
GO
ALTER DATABASE [HealthCare] SET RECOVERY SIMPLE 
GO
ALTER DATABASE [HealthCare] SET  MULTI_USER 
GO
ALTER DATABASE [HealthCare] SET PAGE_VERIFY CHECKSUM  
GO
ALTER DATABASE [HealthCare] SET DB_CHAINING OFF 
GO
ALTER DATABASE [HealthCare] SET FILESTREAM( NON_TRANSACTED_ACCESS = OFF ) 
GO
ALTER DATABASE [HealthCare] SET TARGET_RECOVERY_TIME = 60 SECONDS 
GO
ALTER DATABASE [HealthCare] SET DELAYED_DURABILITY = DISABLED 
GO
ALTER DATABASE [HealthCare] SET QUERY_STORE = OFF
GO
USE [HealthCare]
GO
ALTER DATABASE SCOPED CONFIGURATION SET IDENTITY_CACHE = ON;
GO
ALTER DATABASE SCOPED CONFIGURATION SET LEGACY_CARDINALITY_ESTIMATION = OFF;
GO
ALTER DATABASE SCOPED CONFIGURATION FOR SECONDARY SET LEGACY_CARDINALITY_ESTIMATION = PRIMARY;
GO
ALTER DATABASE SCOPED CONFIGURATION SET MAXDOP = 0;
GO
ALTER DATABASE SCOPED CONFIGURATION FOR SECONDARY SET MAXDOP = PRIMARY;
GO
ALTER DATABASE SCOPED CONFIGURATION SET PARAMETER_SNIFFING = ON;
GO
ALTER DATABASE SCOPED CONFIGURATION FOR SECONDARY SET PARAMETER_SNIFFING = PRIMARY;
GO
ALTER DATABASE SCOPED CONFIGURATION SET QUERY_OPTIMIZER_HOTFIXES = OFF;
GO
ALTER DATABASE SCOPED CONFIGURATION FOR SECONDARY SET QUERY_OPTIMIZER_HOTFIXES = PRIMARY;
GO
USE [HealthCare]
GO
/****** Object:  Table [dbo].[__MigrationHistory]    Script Date: 5/8/2018 9:45:14 PM ******/
SET ANSI_NULLS ON
GO
SET QUOTED_IDENTIFIER ON
GO
CREATE TABLE [dbo].[__MigrationHistory](
	[MigrationId] [nvarchar](150) NOT NULL,
	[ContextKey] [nvarchar](300) NOT NULL,
	[Model] [varbinary](max) NOT NULL,
	[ProductVersion] [nvarchar](32) NOT NULL,
 CONSTRAINT [PK_dbo.__MigrationHistory] PRIMARY KEY CLUSTERED 
(
	[MigrationId] ASC,
	[ContextKey] ASC
)WITH (PAD_INDEX = OFF, STATISTICS_NORECOMPUTE = OFF, IGNORE_DUP_KEY = OFF, ALLOW_ROW_LOCKS = ON, ALLOW_PAGE_LOCKS = ON) ON [PRIMARY]
) ON [PRIMARY] TEXTIMAGE_ON [PRIMARY]
GO
/****** Object:  Table [dbo].[Addresses]    Script Date: 5/8/2018 9:45:15 PM ******/
SET ANSI_NULLS ON
GO
SET QUOTED_IDENTIFIER ON
GO
CREATE TABLE [dbo].[Addresses](
	[Id] [uniqueidentifier] NOT NULL,
	[Detail] [nvarchar](max) NULL,
	[ZipCode] [nvarchar](max) NULL,
	[Active] [bit] NOT NULL,
 CONSTRAINT [PK_dbo.Addresses] PRIMARY KEY CLUSTERED 
(
	[Id] ASC
)WITH (PAD_INDEX = OFF, STATISTICS_NORECOMPUTE = OFF, IGNORE_DUP_KEY = OFF, ALLOW_ROW_LOCKS = ON, ALLOW_PAGE_LOCKS = ON) ON [PRIMARY]
) ON [PRIMARY] TEXTIMAGE_ON [PRIMARY]
GO
/****** Object:  Table [dbo].[AppointedPhysicians]    Script Date: 5/8/2018 9:45:15 PM ******/
SET ANSI_NULLS ON
GO
SET QUOTED_IDENTIFIER ON
GO
CREATE TABLE [dbo].[AppointedPhysicians](
	[Id] [uniqueidentifier] NOT NULL,
	[PhysicianId] [nvarchar](max) NULL,
	[ClientId] [nvarchar](max) NULL,
	[Active] [bit] NOT NULL,
 CONSTRAINT [PK_dbo.AppointedPhysicians] PRIMARY KEY CLUSTERED 
(
	[Id] ASC
)WITH (PAD_INDEX = OFF, STATISTICS_NORECOMPUTE = OFF, IGNORE_DUP_KEY = OFF, ALLOW_ROW_LOCKS = ON, ALLOW_PAGE_LOCKS = ON) ON [PRIMARY]
) ON [PRIMARY] TEXTIMAGE_ON [PRIMARY]
GO
/****** Object:  Table [dbo].[AspNetRoles]    Script Date: 5/8/2018 9:45:15 PM ******/
SET ANSI_NULLS ON
GO
SET QUOTED_IDENTIFIER ON
GO
CREATE TABLE [dbo].[AspNetRoles](
	[Id] [nvarchar](128) NOT NULL,
	[Name] [nvarchar](256) NOT NULL,
 CONSTRAINT [PK_dbo.AspNetRoles] PRIMARY KEY CLUSTERED 
(
	[Id] ASC
)WITH (PAD_INDEX = OFF, STATISTICS_NORECOMPUTE = OFF, IGNORE_DUP_KEY = OFF, ALLOW_ROW_LOCKS = ON, ALLOW_PAGE_LOCKS = ON) ON [PRIMARY]
) ON [PRIMARY]
GO
/****** Object:  Table [dbo].[AspNetUserClaims]    Script Date: 5/8/2018 9:45:15 PM ******/
SET ANSI_NULLS ON
GO
SET QUOTED_IDENTIFIER ON
GO
CREATE TABLE [dbo].[AspNetUserClaims](
	[Id] [int] IDENTITY(1,1) NOT NULL,
	[UserId] [nvarchar](128) NOT NULL,
	[ClaimType] [nvarchar](max) NULL,
	[ClaimValue] [nvarchar](max) NULL,
 CONSTRAINT [PK_dbo.AspNetUserClaims] PRIMARY KEY CLUSTERED 
(
	[Id] ASC
)WITH (PAD_INDEX = OFF, STATISTICS_NORECOMPUTE = OFF, IGNORE_DUP_KEY = OFF, ALLOW_ROW_LOCKS = ON, ALLOW_PAGE_LOCKS = ON) ON [PRIMARY]
) ON [PRIMARY] TEXTIMAGE_ON [PRIMARY]
GO
/****** Object:  Table [dbo].[AspNetUserLogins]    Script Date: 5/8/2018 9:45:16 PM ******/
SET ANSI_NULLS ON
GO
SET QUOTED_IDENTIFIER ON
GO
CREATE TABLE [dbo].[AspNetUserLogins](
	[LoginProvider] [nvarchar](128) NOT NULL,
	[ProviderKey] [nvarchar](128) NOT NULL,
	[UserId] [nvarchar](128) NOT NULL,
 CONSTRAINT [PK_dbo.AspNetUserLogins] PRIMARY KEY CLUSTERED 
(
	[LoginProvider] ASC,
	[ProviderKey] ASC,
	[UserId] ASC
)WITH (PAD_INDEX = OFF, STATISTICS_NORECOMPUTE = OFF, IGNORE_DUP_KEY = OFF, ALLOW_ROW_LOCKS = ON, ALLOW_PAGE_LOCKS = ON) ON [PRIMARY]
) ON [PRIMARY]
GO
/****** Object:  Table [dbo].[AspNetUserRoles]    Script Date: 5/8/2018 9:45:16 PM ******/
SET ANSI_NULLS ON
GO
SET QUOTED_IDENTIFIER ON
GO
CREATE TABLE [dbo].[AspNetUserRoles](
	[UserId] [nvarchar](128) NOT NULL,
	[RoleId] [nvarchar](128) NOT NULL,
 CONSTRAINT [PK_dbo.AspNetUserRoles] PRIMARY KEY CLUSTERED 
(
	[UserId] ASC,
	[RoleId] ASC
)WITH (PAD_INDEX = OFF, STATISTICS_NORECOMPUTE = OFF, IGNORE_DUP_KEY = OFF, ALLOW_ROW_LOCKS = ON, ALLOW_PAGE_LOCKS = ON) ON [PRIMARY]
) ON [PRIMARY]
GO
/****** Object:  Table [dbo].[AspNetUsers]    Script Date: 5/8/2018 9:45:16 PM ******/
SET ANSI_NULLS ON
GO
SET QUOTED_IDENTIFIER ON
GO
CREATE TABLE [dbo].[AspNetUsers](
	[Id] [nvarchar](128) NOT NULL,
	[FirstName] [nvarchar](max) NULL,
	[LastName] [nvarchar](max) NULL,
	[Remarks] [nvarchar](max) NULL,
	[ImageUrl] [nvarchar](max) NULL,
	[AddressId] [uniqueidentifier] NOT NULL,
	[Active] [bit] NOT NULL,
	[Email] [nvarchar](256) NULL,
	[EmailConfirmed] [bit] NOT NULL,
	[PasswordHash] [nvarchar](max) NULL,
	[SecurityStamp] [nvarchar](max) NULL,
	[PhoneNumber] [nvarchar](max) NULL,
	[PhoneNumberConfirmed] [bit] NOT NULL,
	[TwoFactorEnabled] [bit] NOT NULL,
	[LockoutEndDateUtc] [datetime] NULL,
	[LockoutEnabled] [bit] NOT NULL,
	[AccessFailedCount] [int] NOT NULL,
	[UserName] [nvarchar](256) NOT NULL,
	[UserType] [int] NOT NULL,
 CONSTRAINT [PK_dbo.AspNetUsers] PRIMARY KEY CLUSTERED 
(
	[Id] ASC
)WITH (PAD_INDEX = OFF, STATISTICS_NORECOMPUTE = OFF, IGNORE_DUP_KEY = OFF, ALLOW_ROW_LOCKS = ON, ALLOW_PAGE_LOCKS = ON) ON [PRIMARY]
) ON [PRIMARY] TEXTIMAGE_ON [PRIMARY]
GO
/****** Object:  Table [dbo].[Treatments]    Script Date: 5/8/2018 9:45:17 PM ******/
SET ANSI_NULLS ON
GO
SET QUOTED_IDENTIFIER ON
GO
CREATE TABLE [dbo].[Treatments](
	[Id] [uniqueidentifier] NOT NULL,
	[Name] [nvarchar](max) NULL,
	[Details] [nvarchar](max) NULL,
	[Active] [bit] NOT NULL,
 CONSTRAINT [PK_dbo.Treatments] PRIMARY KEY CLUSTERED 
(
	[Id] ASC
)WITH (PAD_INDEX = OFF, STATISTICS_NORECOMPUTE = OFF, IGNORE_DUP_KEY = OFF, ALLOW_ROW_LOCKS = ON, ALLOW_PAGE_LOCKS = ON) ON [PRIMARY]
) ON [PRIMARY] TEXTIMAGE_ON [PRIMARY]
GO
/****** Object:  Table [dbo].[UserTreatments]    Script Date: 5/8/2018 9:45:17 PM ******/
SET ANSI_NULLS ON
GO
SET QUOTED_IDENTIFIER ON
GO
CREATE TABLE [dbo].[UserTreatments](
	[TreatmentId] [uniqueidentifier] NOT NULL,
	[UserId] [nvarchar](128) NOT NULL,
 CONSTRAINT [PK_dbo.UserTreatments] PRIMARY KEY CLUSTERED 
(
	[TreatmentId] ASC,
	[UserId] ASC
)WITH (PAD_INDEX = OFF, STATISTICS_NORECOMPUTE = OFF, IGNORE_DUP_KEY = OFF, ALLOW_ROW_LOCKS = ON, ALLOW_PAGE_LOCKS = ON) ON [PRIMARY]
) ON [PRIMARY]
GO
INSERT [dbo].[__MigrationHistory] ([MigrationId], [ContextKey], [Model], [ProductVersion]) VALUES (N'201805051232187_Initial', N'Models.Migrations.Configuration', 0x1F8B0800000000000400E55DDD6EE4B615BE2FD0771074D5168EC73FDDC5D6182770C6766AD47FF0D841D19B0547E28C85D5CF44A21C1B459E2C177DA4BE42494994445294484923695004083C14F9F1F0F0237978C8C3FDEFEFFF99FFF0EEB9C61B0C2327F0CFCDE3C323D380BE15D88EBF393763B4FEEE8BF9C3F77FFCC3FCCAF6DE8D9F69BE53920F97F4A373F315A1EDD96C1659AFD003D1A1E7586110056B746805DE0CD8C1ECE4E8E86FB3E3E319C41026C6328CF953EC23C783C90FFC7311F816DCA218B877810DDD284BC75F9609AA710F3C186D8105CFCD34C7E18D0D3104FA308D0BD701588C2574D7A6017C3F40006121CF5E22B84461E06F965B9C00DCE78F2DC4F9D6C08D6026FC59915DB51D4727A41DB3A22085B2E208059E26E0F169A698195FBC957ACD5C71587557897E48AB13F59D9B17B61DC228320DBEAEB3851B927CB972B39C0746FAFB20EF78CC0FF2DF81B1885D1487F0DC87310A817B603CC62BD7B1FE013F9E836FD03FF763D72D4B83E5C1DF98049CF418065B18A28F27B8CE64BCB14D63C6969BF105F362A532A9F83FC50EFEFB1ED70D562ECCFB7A565BFC1222E0B81402530653DF34EEC0FB2DF437E8152B05BC9BC6B5F30E6D9A92E1BEF80E1E29B8100AE3C66AFEE56C1738F3CEEBB9B090F39657F36310B810F80D4A99CF0AB2D452888EBA278C5ACBA39CA517D1F61EA27CB81EA690D72186FB3508BF1D961131DF54CB15943C51A5E4E9F16A7DFAE5D367609F7EFE2B3CFD343C3D2BFAFCF8E48B529F6B729AFCBFA6D6934F9F7BA9F51EBC399BA4EBB9FAF1DC1BE289E609BAC9D7E8D5D9A63334D3DF5FB36CD761E091DF2CBFD2AF5F97411C5AA4318134CB3308371075A43481EA9FD61475FAD426928AF4AECC4A1AD46624D02A861E0D54DEDDD6ABCCB88BED16775E422DA21185F538A70A5774EF16E8E1FAFCDA0923D4300DF6B3E0DE82812A7AC20660F82DDA793D371ED8C09770F72651666676B4DF48D18E106D6C2611E5CAABB72355575D855AF08669ED841EB4BBCAFC08A2082F3AF6DF41F4BAF3FE5E422B0EF134B644C0DBEEBCB6C7D7C087F7B1B72253EC7075F5D635CFBF06D7C0424178E593529DF16E03EB5B10A32BDFBE0408BE208B02929FCF8EA70ED08B38179685C7FE352633B41741EC230A78E3A3D3136D38B21C8E6DF5E61BEC0ABB975BB9BFE6790BE3579245B08065F9AACCE03A71172E703C35696956B9B0698E4659B36CBAA2DE061BC757139566958B9AE6681435CBA62B2A01539334CB291734C9D028679A4B574C52948C1425498BCC7261699E4679F38CBD6DDB1252F5BF6F4B60A7BF71EB6691CB66DB921A97780D823F411F8678A1B01F014230F48B1E509999C7D80124DD97B276C7AB7F52D3CFC08DFBAEAAD56848E6ADFE4743023BFDD190888993DF1C9BD87D0ADE0C9A19C32BE5AF7694348F394EB2A18703D3CCA12B1F660E501E2EC57AD6E87AA159F7CED5D27A2FDDCD0EEFF3F8E1228A02CB49FAA5E2FC21F31EB3D2E0DD8DD1EC4A4E59C8BBA33121714F3AC45AC129989326DF470FFE2574218206692539E25B80C802B6A814DC205B43306A09550856B8A559E1FE22D489890343520810F74084A9E8F8486499E35BCE16B88D5AE24A2A3294B43DAF83FF7209B7D02715366A42A5F26A2F341120AF87EB94260DCD6725C6D51351B69D93757AE3DEAEE879C13DDCD4F1CDB554F02BDF7FEE90F3AD18D9D0860168D9D0572A12943C9B93A067B67F57E50DBF995726E78EA6CC062F8264DACCB6853B9937EB353602495995A808203DF01B83A099D7469500BC0B676A04E57C471282663BB54108CA6A6C0482B22AD93B82A6CE3AD5FEE73C7753A327EB321CDEEAAC55D708DC64F4B177D4CC77B3AADD2FBA6A77627D0A8EDE5235C50E7CEAF627DF8A11E8C9F7978A08F4547C0086A69B775C06E1123014597AB9221FE13BAAF0B7E0B6652E9728F3F1F0F422E04B8858CB9A1C9C144E037E4F235094C5C80E5E84F2AC33A001849F2AEB008BE9B40134BB1027B68C1F951AC2D1B3BB5AE9325B5903969EB3D5C266168E42AB130654A0151305075222A32860F9766129A3FC0E223F4A94FC48793B724A09A34DC9ED53C2A960153FCDB10D57508AF4E859D48C925B43CBB1516A5BD61F353A6AF25F94C04AF340EF0AA223A6593F55FB6A9D9D7527ED70BB60098B68637AD7129D009AB554B5B9D3D9DE75D212B71593688936A6772D6583B85949151B0C8D2D462715B1DB818167A362826FD651B5A5AB67EB76D29460D27268D92AA6AC247AF2911B4FF9B7F92C0D7DCA12E633498CD4FC0E6CB78EBF29C54C6529C6320D985A7CB7D40F26F2528C99C5509237F5F29A5010820DE4BEE2AAB1A4C945DC4B80C00A90739F85ED09D92A4D4589C940ABE4AD41B10FA921414B90BFD352C2ADEAEA55AE50E5356E9D47ECF3E42A84B80A89250D12BA065C10569CCF2D0237F67CF94E415E9A862A9511689A3A4A1E895486C913D571E8515F1986A68928F319A74C6163227499B0BF6339A0C410D9B4AACE0E6657A04F91FAE2BBE1497A11B25C3E4D994CAF880B4B1F3D946FB3DAF7921C42A66BEA0A2A6B5BE61E92A3D0C3CC328AEC8073B45E936D9534665A6E1FDB62C66D42D8CD882A859394414AC9EA5845C04819AA48D5600D8D0861684313D5718A880F464379AAC69A501C7C32CB82FC3C548E455D586520995BAB4622AD554A8692C5769441B2244D8C5278800056FAA68ECA46709431D92FEA885C98461992FBA4216539188311B2FCA1159E44A3D53934D827845F303C14BE6A8C7F3110839908C4CF2DB02B64E6BFE98C212156831D4EC267756C328B8BB361913A99D5AFC2A9D297D1927A5FBB592D128CDD2C87FD183DA51BDA65A052B2265676075B00CBD2274925A973AC1D95528F7B372A4930E4730E73B1999D726A6F63CB3199DBCACCB45E775B5B8EA747D811EDEBD483D4850D3227990209E44577338D88635F77D84FC80721F8F2F82C79EDB94F8FF3DDCD333F5AF3234882632DCD621A74786053ED2342D03B24190E97BFB80BD7816461A619EE80EFAC6184D22BEAE6C9D1F109F794D2749E359A4591ED56F821CB6F2A54DEBF1DE09A7DEC3BBFC4D04906DFDA21935CA7E787FC37105AAF20FC9307DEFF5CC66AF1C450272CF61EFFCA413B794268F0EEA23A11834F3ABCB053800AD71B6E7C1BBE9F9BFF4E4A9D25A70AE4AF24F9C0B8895E12FA9C19CFB84B8CDFC470E57E755EEDDD9AE8FB30EA5ABDF9E7D7B4E881F110E2B9EDCC38E274D9A687D95763B4A4498B7690A6F55B32FB3BA084075B3A4D5FFCA32C9DC0B887573A61F18FAB749BA4F90754C4D54881AD390A4BD84ECFB0B4122485E82485EEB2252230AFB854B29B9B98DB3FDAD246BCAA075B3A71A8F251964E88150FAFF485D78B0A650FABB4C1923EAA62E39F2879544573E2AA7C64A58D68D207561C5F1FACF0C7E92E87B4E488264F856B6C88A531D173E3E3099D22A9C7B6918437163A0D74F11D050DB80E6F25B460C69E3D33D09B9556F18A406FD863525BFFE980FDF33494C7699B35A02F97406F61FD5389E42FAEF78F1BC03F64CC7ECD5D9B7D0FD5A7D7E3078E9697DE3AED169FD52E084A7A2372D7C14EFF07E1F5130808AD08FD193F887EE8E94B76EA3EF1704FBD50F989912D0B081B3F207E68B2C9CEE5274E36ADB0F789716D2C936C64A6295B6593229A645F55F46C1127347418F9940CB39ACB1D93B0CC460F3B17438EF8CE64638F73CBBED8ABF2367F7AB7E2DCB45701EEF174BB2B0F3FE52B60F7A5422DECE7CAAA927736ABC3EF649515339CB4C2228BBC5279DC9FA0469EFDA23AF91CF5D5EAB535B3526B1B9BE5A9AF56122D5B577766B4D4D69DE5A9AF5B1283CAD75DCC794295C5A7AA9AE4018A63C4D257069A563D92D0B0BE4BEE30563EB730B5D87976EE61220A35A252D9F20D2F454C393A5EA7214DDBD9DA5BD2FB140CDF8B5298394A72DF777F62DF7B51C918B347313FF712EBCEAF04EC1DDEE167108D6876F1A62BB6044BFF2828364623675340907F22D487166303E6796EFC75404D514E229A853BCAB88308D8D840BC0891B30616C29FC96179F22A75720049AE6CACA07DE33FC4681B23DC64E8AD5CE6E48E98B475F52721FBACCCF3872DF915F5D1042CA6432E193CF83FC68E6BE7725F571CC4482088AD9C1D4D93BE44E4887AF39123DD07BE2250A6BEDCC47F86DED6C560D183BF04E4C8485F364CBD5BB801D6477194290369EE0856EDF34B076C42E0451946511EFFC41CB6BDF7EFFF0716FD40871B770000, N'6.1.0-30225')
INSERT [dbo].[__MigrationHistory] ([MigrationId], [ContextKey], [Model], [ProductVersion]) VALUES (N'201805051248144_Second', N'Models.Migrations.Configuration', 0x1F8B0800000000000400E55D5B6FEBB8117E2FD0FF20F8A92DB2712E3D07A781BD8BAC936C8DE6863859147D39A025DA118E2E5E89CAC628F697ED437F52FF42498994781125EA625B41B1C022A6C86F86C3E17038E4F0FCF7F7FF4C7E78F73DEB0D46B11B06D3D1E9F1C9C882811D3A6EB09E8E12B4FAEECBE887EFFFF887C9B5E3BF5B3FB37AE7A41E6E19C4D3D12B429B8BF138B65FA10FE263DFB5A3300E57E8D80EFD3170C2F1D9C9C9DFC6A7A76388214618CBB2264F49805C1FA63FF0CF5918D8708312E0DD850EF4625A8EBF2C5254EB1EF830DE001B4E47598DE3B9033104DA8EAC4BCF05988D05F456230B04418800C24C5EBCC47081A230582F36B80078CFDB0DC4F556C08B2165FEA2A86EDA8F9333D28F71D19041D9498C42BF21E0E93915CC586EDE4ABCA35C705874D7A97C48AF53F14D47978E13C1381E5932AD8B9917917AB97069CD232BFB7D940F3CD60FF2DF91354B3C9444701AC00445C03BB21E93A5E7DAFF80DBE7F01B0CA641E2793C37981FFC4D28C0458F51B88111DA3EC115E571EE8CACB1D86E2C37CC9B716D32F67F4A5CFCF73DA60D961ECCC77A5CD9FC0A22E07A0C02AB0C56FD917507DE6F61B046AF5828E07D64DDB8EFD0612514F72570F14CC18D5094D492F997BB99E1CA3BA7736923F72D27F363187A10043542998C0B65A9542136EB9E306AA51EE55A7A196FEE21CAA7EB7106791361B85FC3E8DB318F88F5CDB45DA19267A62A797EBA5C9D7FF9F41938E79FFF0ACF3FED5F3D4BC6FCF4EC8BD19837D469F2FF0AAA679F3EF742F51EBCB9EB74E825FAD8F646D8D03C412FFD1ABFBA9BCC420BE3FD9556BB89429FFC16F52BFBFA751126914D3A136AAB3C83680D5147952650FDAB35431DBE6A134E55F52EAD4A3AD466263012FB9E0D8CDFDDD235D6B8CBCD060F5EAA5A442206EB71AE2A52D30FB740EF6FCC6FDC28463566B09F05F716EC89D0137600A36FF1CEE9CC7DB0862FD1EE5D22EA6676F4DFC84420CD7376C932C30AE3C6706DFC2715E5DAAFF6294D5760032A78F3B472231F3A5D797E04718C1720E7EF207EDDF9D82FA09D44D8A42D10F0373BA7F6F81A06F03EF197C4DCEE8F566F43F3FC6B78036C1446D70169D519EF36B4BF8509BA0E9C2B80E00BB21920F9F9ECFAE600BDB07369DBD80EDC606586CE2C4C02C400E7013A3F6B65110EED01E79BED121F585AC5BFE6750B47585345F18675F5CA5CE22A76671E707D336E59553DB3598D5A5E69B5A6ACDE866B3730639555D5B39AD5A86595566BCA2A0133E394D6D4339A56A8E533ABD5DB7E281DA1FE374429ECF07744DD5C5D9DE9E2C4B8C0061DFE04031861ABEB3C0284601414236062E60EE15AA7C327785CBB5A4A534A3F032FE99B54ABD9901A81FE67430A3BFCD990B2898BDF5C8738510661025619C31BD52F8F40D4CF3989B37D4F07A19BFB26BE1F1B603C5D8ABD586D4C8355FD70318C569B54DE5CB6736AFB8DEB277EC9A86107641EDF78605D1C93E9879160DCBACB0844DB62B77D6471C56D4714AB269E4EDE16AB322F30513A77906CB0F22DD736766D97C8235D2DA6A313459C6203DC1948B619B4FAA92AB74C427CE1651C8798081143C971080D668B44F106CBAA8F6C17610BF17CE50E4BCB250E1E2E213CCA9AFD105C410F226811DD20278E3310DBC051550977C769C018F31F4B182BA2E422737F5168E2E90623D2089008458C87DB0D903A37DDC07637C0AB9592D4D2705E93BEE734E42F5770030342B0561226C4CB83E284819C8E342875129A8C398DAB5644DD8E5237E8B5DBCB62E4956875DDC0D75329D1AF7C0BBC439D6FA591357DD8835AD68C9509075CA07510EA494308A67A23C7138C95734726B32690A1319B7433BD13BB592DB10328A928121306B4E78F8750501A38325500398A34340595C2571A05A5FBDBBD28A828B10328A828920FA7A059BCD074FCA5E0E1D0D4538C5AEEDFEBAC14D701745390C7C05433DB50E23608B7C8F7535C0FAE96E4237C47259B47CC27DD3FC634EE20AB08015F4024FA2D64635A6C64658F51713F450C1A5957DA8B5BAD1A105911AB000B65AD01A5B79FD49EC993B20173EC70A6923BEA89348065072995B074FD30E8350D36286845F84802E194516590BF4AC655D45F38936789D12E3DEF47AE52CA6C33DA547338255A255B51B1E30642D19E2DAA9231DA3436DA36727DA3E35121A3BADD2107C6D981DE05C4664CBD7CCA762D4DF62D9DA423ED31345AC43AD3BB949801A8975299EBDCC479EE2425C9D1D5488975A67729D1495C2FA412F7AD8103D74944A2B3D593356281E6DC2FC8BF4DC6590A072D988C35B91E933BB0D9B8C19ACBFDA025D6224BFC987DB7689E14E16718635B90B6ECC5E4945018813594BE62D298D3F442E11540600948607CE6F84AB5522F48B31A3292B2A3A30E245B23590BF277D64AB91D5A6EC00B51DEE0DEF9C4EF4C4F9E5503ABB6B4480A0EF04054721C320BBDC40FF41EB0BE354BB9E0115899394A9E51C1C3E485E638EC64858761652ACA642C0953F1B99521537646A20E186988CE62986B87E0F0365791EAE6BBD193EC1217DF3E2B19CCA8A836B38F11CA7710ED47490FA19335DB43F2D2D6ED2BF528EC148447D19D8C1C6CD474BB80069656DAA2B5B0B87508BB9951DCB5781E842B36C72A2EBEF350456903AD6137DB05B56185E638C5CD75414279698335A13831119605FD418A1EABD8D5CA73AB6CAF5BC955A3954A8742EFA6F320B4A8210677BD5901E3BE99A38A37D0794CF18B39A274CD9C87943E35E092BF4C2E30C97F6885A79168790D730AEAF5711E5DFDDAC006A817C90563A07E6E815DC2B3FCADC91C52EE9A8BD349F9DC6CA6AB16B1281DCC0A581233E8CB71C9828BDD3C170DC66E96C47E1C1FEE522C0FC41537C4A2D75E15305A3E4855D2C67EDAA9521650EEA64A1A0CBDCD11EE928A26A7F202AC1E53B8202A98F5AA0BB27ABC660A7B401F3B0BF377D186DC496AAE04FAA6BB3123EADCDFAD77B7D37155E27972959C7A1ED793E277131A4BAB7FD04509AE655546169B1ED855DBC608FAC7A4C2F1E2176FE665973759853B10B82B18A3EC0EE9E8ECE4F44C7A1666384FB48CE3D8F14A629125EFB488C3B5879BCD49E0FE9240379D7C2B9718B94E4FA9046F20B25F41F4271FBCFF99C76AF15C4A272CF1EAF4D2453B790E65EFC3C564A2DEF7EFF05A4801AA9CDECF0307BE4F47FF4E5B5DA4C70BE4AFB4F8C89AC72FA9FA5C58CF7848ACDFD474CB7E655E1EE11AE85B17E6529DFFF36BD6F4C87A88B06DBBB04E2459B61961F1058C46DC644D3B70D3FA5D8C8F3BA194C7273A992FF981894E60D223129DB0E48722BA1969F93108753532D0D61C4554D88E4F4AB841DD92D17DD151118437244A755332ABED9F8C68C35ED973119D34A0F449884E8825CF3EF485D78B0875CF3AB4C1D23EE9E0E09F287DD2A1A1D9297DE2A10D6BDAE71DDACCAB229AD67431632D0FE8B09404B6F6B1B0A572AECD36EF947A7A680F47494AEF34D1D5C4F306701D92CB5B68C607CBCBEECDC72A49BBEE0DFB90AADD3CD7FAE3C509F6ED5BE964DA5B46EF5092788BBBE787CDDDDD67BA6EC56D998F9EA5CBEE6EEF3951567B79B45B6270BBDC1CED9DC65DA7E1FC1F64D60E2017AC242FE5F0F9B3FB365FBA33F381272136CB921D98B2D16CA5C3E7C2EE5BD974A7EA0357B64619AF03D3B543B96407D63463AFECE0F9AB6A82873CAC621263EE8515FB0AD93FCB4EB1A7236719E2A1CFB626FA3C369980B88750A8889F4B49A58FC895E7F1E88815DAA8255854D113D5271029629467A62A4EB94635D9667DA51E456567699D6AB29AB4BB2ADA7481A9A44DEB54D3D624B3C9B48B230D8564F1A98C1297AF3B80A4DCD28CB5B26CEB1A5BACB92D569AB73DB4245CD1F608F95B0D1201C5F63529E7434EB36DD291BAAD47E57DD48F9455DB8B50041BA5B959F97192687B11499FD6A341D2AC7A990EBB40DCBFA186DDB0D85D1710E45F540BA02D383F799D79B00A990F2671C4AA48F1D63B8880833DA3CB08B92B6023FC999CE8A56F8DD21714AFFD2574E6C143823609C25D86FED2138E17882F57453FCD0C16799E3C6CC8AFB88F2E60365D7212FA10FC98B89E93F37D53122DD6401027919E9F91B144E41C6DBDCD91EEC3C010888A2FF76D9FA1BFF13058FC102C00896B37E70DABDF2D5C037B5B9CB7E840EA074214FBE4CA05EB08F831C528DAE39F58871DFFFDFBFF0117D67A4F4A700000, N'6.1.0-30225')
INSERT [dbo].[__MigrationHistory] ([MigrationId], [ContextKey], [Model], [ProductVersion]) VALUES (N'201805051252167_Third', N'Models.Migrations.Configuration', 0x1F8B0800000000000400E55D5B6FEBB8117E2FD0FF20E8A92DB2712E3D07A781BD8BAC936C8DE6863859147D39A025DA118E2E5E89CAC628F697ED437F52FF42498994781125EAE24B502CB08829F29BE170389CA16674FEFBFB7FC63FBC07BEF506E3C48BC2897D7A7C625B307422D70B57133B45CBEFBED83F7CFFC73F8CAFDDE0DDFA99F53B27FDF0C83099D8AF08AD2F46A3C4798501488E03CF89A3245AA263270A46C08D466727277F1B9D9E8E2086B03196658D9FD2107901CC7EE09FD32874E01AA5C0BF8B5CE827B41D3F9967A8D63D0860B2060E9CD8798FE3990B3104DAD8D6A5EF01CCC61CFA4BDB02611821803093172F099CA3380A57F3356E00FEF3660D71BF25F0134899BF28BB9BCEE3E48CCC63540E64504E9AA0286809787A4E053392877712AF5D080E8BEE3A930F997526BE897DE9BA314C12DB92695D4CFD98F42B844B7B1E59F9EFA362E1B17E90FF8EAC69EAA334869310A62806FE91F5982E7CCFF907DC3C47DF60380953DFE7B9C1FCE06742036E7A8CA3358CD1E6092E298F33D7B646E2B8913CB018C68DC9D9FF29F5F0DFF7983658F8B058EB51EDF02B8880E73308AC3258F56DEB0EBCDFC270855EB150C0BB6DDD78EFD0652D14F725F4F04EC183509C3692F997B79EE2CE5BA773E920EFAD20F36314F910840D42198F4A65A95521B6EB9E306AAD1E155A7A99ACEF212AB6EB710E791363B85FA3F8DB318F88F5CD745CA99267A62A797EBA589E7FF9F419B8E79FFF0ACF3FED5E3D2BD6FCF4EC8BD19AB7D469F2FF1AAA679F3E0F42F51EBC79AB6CE925FAD8F6C6D8D03C413F7B9ABC7AEBDC420BEBFD9576BB89A380FC16F52B7FFA751EA5B143261369BB3C837805514F952650C3AB35433D7CD5269CAAEA5DD9954CA8CB4E602476BD1B18BFDBA56BAC7197EB355EBC4CB588440CCEE34255A4A11FEE80DEDD9ADF7871821ACCE03007EE2DD811A127EC00C6DF92ADD3990560055FE2EDBB44D4CDECE9BF918D408617EC9263863526ADE1BAF84F2ACA7550EF539A9EC0065470F0B4F4E200BA7D797E0449820F20F7EF2079DDFADACFA193C6D8A4CD1108D65BA7F6F81A85F03E0D16C4DCEE8ED6604BF3FC6B74031C14C5D72119D51BEF3672BE4529BA0EDD2B80E00B721820F9F9EC05E60083B073E938D80EDC606586EE344A43C40067213A3FEB6411F6ED0117C176850F2C9DE25F8BBEA523ACE9A278C3BA7E552E711DBB531F788119B7ACAB9ED9BC4723AFB45B5B566FA395179AB1CABAEA59CD7B34B24ABBB565958099714A7BEA19CD3A34F299F71A2C1ECA5668F88028833DFC88A89FABAB335D9C18E7D8A0C39F6008636C75DD4780108CC372054CCCDC3E5CEB6CF9048F6B5B476946E967E0A74393EAB41B322330FC6EC8600F7F37646CE2E637CF254E94C13501EB8CE18DFA57DF4034EF3989B35D6F07619ABB26BE1B1BA0DF2E69C06D162EE89A25373E5895AF5BF49B8660DC7A8B18C49B326A3BB2B8E6AEB71B788A7859FC0D16096F924579DE41E2A817AEFB26F11C8F78B099D599D827CA028803F06420715769F753556EB984F8C6CB2489301122868A6B757A292A12C58EBAD57C435A86BFE23DFD1D9696471C05DC427894B7E24378057D88A045625FF2E66A0A1207B8AAF2E1E9B82D18637E480563E56DABC8DC5F149AD83EC0980C0224D24DF0727B21528D89173ADE1AF88D5292461A1EFC64EE050DF9C9155CC390106C948409F1EACB55C24041475A9426098D479CC6D52BA22E32D12D7A639852AEBC72EBD9B4F0CD542AF4AB08A5B6A8F39D34B2610E3B50CB86B532E180BBB03B08F5A4A1A8A9DEC871A9B1726EC9643604C41AB34983B2ADD8CD7A89ED414945919830A07D8FB50F05A51710A60A20DF461C9A824AD7201A05A571D24E145494D81E145414C98753D0FCDEC974FDA54BA843534FF1F66BF75E67ADB8F6A09B823C0E4C35F380128F417844114F7133B85A9087F01D55048F984F1A3F26347E95558480CF2112FD1612989681ACEC312AEEA788416F6895F162A8D500222B621D60A9AC0DA0348B469D99BC295B30C72EF96BB9A39E480B5876215F0B4BCF0F0996D323159BCF26E23AEA738E6405370AB08B9915DAA06C14A37898C3A95008D9008A1337108AF6F5922A19A378AF55C4C7CD8DAE478D8C9A023B0E8CDBC2830B88297BB37CAA028E3621472FE948E181468BD864069712DBBBCD52AAF27ADBF8BDBDA424F9A81A29B1C90C2E25BA899B8554E179B5F0BD7A8948F49306B246EC8EB838D28B67E3519EC54F1BC6234DBAFFF80EACD75EB8E2D2FF698B35CF73FFA7DFCDDBE7C50739C6C811A42D3B20052514C56005A5A79834E634CB29BB02082C00B9D39EBA81D2ADD281D19C8F8CA4ECA3A80BC90E4B3682FC9D8F521204AB0D7829CA1B3CBB80B88CD9CB47D5C0AA232D5285017C1057BCEA9C467E1A847AE7553F9A65DDF308ACCD1CA548AAE7618A46731C96F4C5C3B03615653C9284A9B8CBCA9229418DA803461AA2B318E6DA21F8AAED55A47EF876F424CFE3E1C7E72D07B32AAACD1C62850AE7BFFB2AE92174B266E11F2F6D5D48A847612F307814DD4B8DBDAD9A2E0A686169A5E8AA83C56D42D8CE8EE232A37910AED91CABCC7DE6A1CAD6165AC3929B05B5618DE63865F2B220A1A2B5C59950BEEC108E05FD3B103D5699A32CEFADBC755B27950E85A627F320B4A9250697E1AA8071CFCC51C524641E537C628E28651AF390D2A3165CF2F9C40293FC834E781A8956F730A7A06610F3E8EAD3163640CD25168C81FAB8037605CFF2B3367B48493716B793F2B8DD4E572D62D97A302760C59DC1508E4B7E2FD8CF73D1606CE7481CC6F1E1F2227920AEB92516CD7C54C068FB41AA92F6EEA79B2AE577C1FD544983A1B739423AA168726A7320F598428EA060D6EB7224F578ED1476AB6AA1DCFBC85D0AEAC5FD8F74CF33A6772ECDDF7E502E61F22EB6C5C4888FF44D8260704C3A1CCF7FF1A77E9E9FC73ADC81D05BC204E56982F6D9C9E999F40589C3F99AC328495CBFE2CEAAE2930EE272ED20BB3D0DBD5F52E865BB6CE991CDD0EBAB0BE11B889D5710FF2900EF7FE6B13A7C59A1179658FDB7F0D056BE9CB0F3E562325153837B7C58A004555ED0CE4217BE4FEC7F67A32EB26B68F257D67C64CD92974C7D2EAC67BC24D66F6A65D6B032AFBE0939D0B27873A9CEFEF9351F7A643DC4D8B65D5827922CBBACB0582CDF8A9B7C680F6E3A97D07FDC0DA5D4A9F7325F722D7A2F30A9DEBC17965C53DECF48CB75E3EA6964A0AD058AA8B03DABCFBDB0E9C8E87FE8A80842B979A56E4A66B57B757917F6AA2ACB7B694065F5782FC48A0AF1A1F00611A1AE02BC0B96B6FADBC53F5156FDDDD2EC54568377614D5B09DE655FC975E0E687191BB94787A5E2026417075B26E7C6C2D45E556AFBF67094FAD55E1B5DAD516D01D7A30EB583667CB012CEC17CAC8A0ACDC1B0F7A9DA3AED19ACC0F0506A0ACB54D8FD9612EEB27AB02603E0A3170DB27CD41DD7ED6913E2FAD529762B15D0E6696DBB2AE0FFA0D0EF004A532AD2E4F75FCEB76BF3A57B0F78E03551ED8AF60E4CD968F1C4FE4BF376AD6CBA378507AE6CAD0AF00E4CD7F6E592ED59D38CBDB2BD97D3A949EBF2B256D6C9D555C9E56F5C27B6BB88F0D2E7A189BE36472620C6100A15F17125A9ECDB48D5B5093A62A5366A09965DF444F545118A18E59DA98A53EE514FB6DD5CA947513B59DAA79EACA694A88E363D606A69D33EF5B435053AFBA802AC2C91A9AACC6C30947539DA875EF5271A06A160A445E59138BEA13CF590EBFADA4CA4292EA84D80FB48657C83084530209A54AE8F53B537884886B41E2DAAF4D4AC2CEC9F70FF6E0FF691126F5542907FC527848EE099147D66E132620E92C411EB225DACDE41045CECB65CC6C85B0207E1C7E4D550F67D3BFAB5B5EB6001DD59F890A2758AF09461B0F0857B6AE268D5D1CF4A11459EC70F6BF22B19620A984D8FBC527B087F4C3DDF2DF8BEA9B8CAD540100F8EBE88216B89C80B99D5A640BA8F4243202ABEC2F17C86C1DAC760C9433807E4E5737BDEB0FADDC2157036E5C5BD0EA4792144B18FAF3CB08A4190508C723CFE8975D80DDEBFFF1FCF09B392BE6A0000, N'6.1.0-30225')
INSERT [dbo].[__MigrationHistory] ([MigrationId], [ContextKey], [Model], [ProductVersion]) VALUES (N'201805070749059_Fourth', N'Models.Migrations.Configuration', 0x1F8B0800000000000400E55D5B6FEBB8117E2FD0FF20E8A92DB2712E3D07A781B38BAC936C8DE6863859147D39A025DA218E2E5E89CA2628FACBFAD09FD4BF5052575E25EA625BE96281454C91DF0C87C3E10CC9E1F9EFBFFF33FDE1CDF7AC5718C5280CCEEDE3C323DB828113BA28589FDB095E7DF7C5FEE1FBDFFF6E7AE5FA6FD6CF45BD535A8FB40CE273FB05E3CDD964123B2FD007F1A18F9C288CC3153E74427F02DC70727274F497C9F1F10412089B6059D6F4310930F261FA83FC9C858103373801DE6DE8422FCECBC997458A6ADD011FC61BE0C0733BAB7138772181C0EFB675E12140D858406F655B2008420C3061F2EC39860B1C85C17AB12105C07B7ADF40526F05BC18E6CC9F55D54DFB717442FB31A91A16504E12E3D06F09787C9A0B662236EF245EBB141C11DD552A1FDAEB547CE7F685EB46308E6D4BA47536F3225AAF146E5EF3C0CA7E1F94034FF483FE7760CD120F27113C0F608223E01D580FC9D243CEDFE0FB53F80D06E741E2792C37841FF28D2B20450F51B881117E7F84AB9CC7B96B5B13BEDD446C583663DA64ECFF9420F2F71DA10D961E2CC77A52DBFC126280BC0282A80C517DDBBA056F373058E3172214F0665BD7E80DBA45498EFB1C20325348231C258D64FE8136335279EB742E1C8C5E4B323F86A10741D02094E9A452967A15DA6C421460E83EBCBCC7C84114B9599BA446BF0DC52ABB5BE16C6DD4671E22F6700784B6AA5E85517F24A8B58A551AC18B78730771B91A1C6690D71181FB358CBE1DB28844EB4CDB558A7962AA98A7C7CBD5E9974F9F817BFAF9CFF0F4D3EE955431E6C7275F8CC6BCA566D3FFD7503DF9F47910AA77E015ADD3A117E893A53D22EBD823F4D2AFF10BDA640E0037DE5FF36AD751E8D3DFBC7E655FBF2EC224726867426D952710AD21EEA9D2146A78B52E50C7AFDA945359BD95556987BACC8482C4AE6743C1EF76E9B659A3C9E0A5AA452562B04097AA2234FD70CBF4EEC6FC1A45316E3083C32CB8376047841E497C117D8BB74E67EE83357C8EB6EF71E7514C4F2F8E4E04DABC64972E334561DC1AAE8BFF24A35CF9F5218BE90A6C4085C4E62B14F9D0EDCBF3038863B200B97F05F1CBD6C77E019D2422266D8181BFD93AB5879730807789BFA4E67677B4061B9AA75FC36BE0E030BA0A68ABDE7837A1F32D4CF055E05E020C9FB15300D29F4FC8370718849D0BC72176E09A283374676112E002701EE0D3934E1661DF1E70B997A3F0818555FC6B59B772843555246F58574FE512D7B13BF300F2CDB82DAAEA99CD6A34F29A576BCBEA4DB8468119AB45553DAB598D4656F36A6D59A560669CE635F58CA6151AF9CC6A0D160FA523347C4094C28E3F22EAE7EAEA4C1723C60531E8F02718C008D0CD3780318C826A044CCCDC3E5CEB74F8388F6B7B9B6684D2CFC04B8626D56936A44660F8D990C28E7F36A46C92E257E45227CA609BA0A84CE08DEAAB77209AE79CC0D9AEA703D7CD5D13DF8D0DD04F97C467260B1374CDE36B0FACABD33CFDA4A11837681981E8BD8ADA0E2CA6B8EBEE06E9221916EF9D888435C9BC3C6F2175D4C50301DB4AADCEB97D240D00DF807406527735AF7E2CCB2D93105B7811C7212142C5A0D856CF374579A2C451B79A7748ABF097DFA7BF25D242D45120259447712ADE0797D083185A34F6A507A333103BC095958F74C76DC158E1872818AB765B79E6FE24D124F60146B411A0916E4C861B055836262870D006788D52125A1A2EFCB4EF250DF1CB25DCC080126C94840971F5E62A65A0A4230C4A9384A61346E3EA15511799E806BD314CA9465EDAF56C1AF8662A0AFD2A43A92DEA7C278D6CE8C30ED4B261AC4C386036EC46A19E79286AAA37625C6AAC9C5B32990D01B1C66CE641D956EC66BDC4F6A0A4BC484C18D09E63ED4341F30D085305107723C6A6A0C236884641F33869270ACA4B6C0F0ACA8BE4C32968B6EF643AFEC226D4D8D493DFFDDABDD7592BAE3DE826278F91A9661650923698B428E329A607974BFA11BE6145F048F8CCE3C7388F5F4515A1E00B8879BF8506A655202B7A8C92FB29604897E494688AFB770DC0F9D6AF04C5C7700D20A286D70156B3A00134BF9EA3EA243FDB5B30579C1ED47297BB382D608B9DFE5AD87C611260190595B1D96B4A4C45FD652671E61845EE65CF4A6D9066A051A0CDE0281442B4AC7CC70D84A23DB79225631448B60A2599BEE5E35123A3A6889101636CC3E0022A94BD593EAA48A64D2CD34B3A42DCA1D1A2A233834BA998BBCD5252B9D36D1CEA5E52129C5F8D948ACE0C2EA57C12370B49E1D2B570EA7A898877C006B246C5E673E92B94DFA6932CFB242F984E34692AD35BB0D9A060CDA4ADE425D622CB59997DB7689FCFE16718138793B6E8D994947018813514BE12D284D3F4B2DA25C06009E866F9CCF5A56A4ACF48B33E162445E7471EC862B12C5AD0BFB356D2CD43B501AF44794D7AE7535F343DD5940DACDCD2A2D943C00391E20C75167A891FE8BD627DEB225B844528CACC51CA641016A62C34C7296E93B13045998C329D08C294FC7069C8A46889D701330D51B8B6BD744576823BA88D01C87634884B0B6161B80FE67855EA070B5695FE9F69936EFD31D71F2EF269AF39F5CDB7A333D97533B67D56329A519157E02146A80C25BB8F921E4227EB62978295B66EE7428F529CB3B128BAB3B7BD8D9A2EA66C658BB958BD9321AE47D8CE8C622EF0B3204CB1395675459F85AA4A5B684D71079F539BA2D01CA7BA63CF49A82C6DB126546772DCB2A03FAAD3635557E9C5B995956E6BA5D2A1E4B7E85990BCA8250673115B0263BEB5F011B8BBF29C93C07D3147142EC4B390C2A7369E0C73ED9DF764980F9DF0341255D730A7205F7467D1E5AF2D6C807CE59D3306F2E70ED80A9EC56F6DE690742B9E9F4ED2E776335DB68855E9685640C50ED4508E4BB6CBDCCF73D1606C67491CC6F161AEEFF2F14859DC122BBFA02B81E5E5A35425ED4E623755CA4E16FAA99206436F73B85BAFBCC9A9BDAAABC7E4AEB27266BDEE2AAF1EAF9DC26E552DA45D44B14A49BDDC4D14760DA7F90E5EF30B38D2965E56C5B60A319225FD3DC6D03FA4150E17BF78D9664055E116046805639CDD66B54F8E8E4F847774C6F3A6CD248E5D4FB103AA78D8861FAE1D24612401FA2581289D652B442743AFB767825710392F20FA830FDEFEC86275785FA617169FA4BA44788BEFC77CBC4153BCEBD24BDAE2DB2DE31C3AFDB6D72E06AD90899C7CD0E3E9920A54BA02320F5CF8766EFF336D75969E47D1BFD2E2036B1E3FA74A74663D9121B1FE25E77E0E2B73F526D6481FDE3097EAFCEF5FB3A607D67D4496A533EB4890659711E69FE368C54DD6B407379D1FE9F8B8134A7A09A397F9125FBBE80526BC68D10B4B7CB5A29F91165FA690D724036D2D517885EDF9BE050A9A968CFE8B8E8CC03D68A1D44DC1AC767FBFA20B7BAAB72B7A6980F27D8A5E888A372886C21B4484BA3726BA6069DF9770C94F9CBE2FD1D2EC28DF9BE8C29AF6AD892EF34A7C69C27C312B5AEED16151EC5DED62614BE5DC98FADE2B0F76DF1E8E9421DF33FC10B3E05BC0F5C874EFA0191F2C497C301F4B91033E18F63E555BA73D83A5308F256BB9BA13BFDF64E55DE627D75CDEF8E869C9C5C5F41D67066B6FC6F6CB84EE968CA4BDB0B9EDBCA3DF402AF10892DF14F932FB4F18DEB5F9D21DE18E3CEBB25D5AF0C8942DCFA2DA7FF2EFAE954D77C83B72656B95E23B325DDB974BB6674D33F6CAF69EB02B67AF88C3CAE76C965E58155788FE5976587E6EBBCB900C7D169AE893F424028A045C9996A29292AC2AE7D7302B35D34E8934FF5949347DFE4D9D25A523564D072DC1AA8A9EA83E3D4B2166DE34A864CCD7A827DBAEAFB94B53DBD9BC4E3D594D52631DED7C85ABA59DD7A9A7AD4915DC473EB232594F9523DE60A9EBEEF78F3DFF98B74C5CEA5A8B1C48BE7D43A2FC98338CDB74A42930A9BD3CF991128A07110A674034D7003F4EFEF0202219D27AB4C817966FF4110789F997EF889316A3750541FF1DBC003A9C6B54D69907ABB0F0D0048E8A2AC2CEEE2DC4C0257ED34584D10A38987CA66753E9139EF9839257FE12BAF3E03EC19B04932E437FE9711BE5D4D3ABA39F2645F33C4FEF37F4573C4417089B889EE9DD073F26C8734BBEAF157BC91A08EA42E62741742C313D115ABF974877616008948BAFF47C9FA0BFF108587C1F2C003DFD6ECF1B51BF1BB806CE7B7572A003691E085EECD34B04D611F0E31CA36A4F7E121D76FDB7EFFF07F320CABD00720000, N'6.1.0-30225')
INSERT [dbo].[__MigrationHistory] ([MigrationId], [ContextKey], [Model], [ProductVersion]) VALUES (N'201805080638508_Fifth', N'Models.Migrations.Configuration', 0x1F8B0800000000000400E55D596FE4B8117E0F90FF20F4531278DD3E328389D1DE85B76D6F8CF8184C7B16415E066C89DD164647AF44796D04FBCBF6213F297F21A444493C25EA6AC9192CB07053E4576455B158C5A3E6BFBFFF67F1C38BEF59CF308ADD30389F1D1F1ECD2C18D8A1E306DBF3598236DF7D98FDF0FD1FFFB0B872FC17EBE7BCDE29A9875B06F1F9EC09A1DDD97C1EDB4FD007F1A1EFDA5118871B746887FE1C38E1FCE4E8E86FF3E3E339C410338C65598B4F49805C1FA63FF0CF6518D8708712E0DD850EF4625A8EBFAC5254EB1EF830DE011B9ECFB21A87370EC410E875665D782EC0DD58416F33B34010840820DCC9B3CF315CA1280CB6AB1D2E00DEE3EB0EE27A1BE0C59076FEACAC6E3A8EA313328E79D93087B29318857E43C0E353CA98B9D8BC157B6705E330EBAE52FE9051A7EC3B9F5D384E04E3786689B4CE965E44EA15CCA5350FACECF7412178AC1FE4BF036B99782889E07900131401EFC0FA98AC3DD7FE077C7D0CBFC2E03C483C8FED0DEE0FFEC615E0A28F51B883117AFD0437B48F37CECC9AF3EDE662C3A219D326EBFE4F898BFFBEC7B4C1DA8385ACE795CD2F2102AE97436095C1AA3FB3EEC0CB2D0CB6E8093305BCCCAC6BF7053A7909C5FD1CB878A6E046284A6AC9FCCBDD2D71E5C1E95CD8C87D2EC8FC18861E04410D5316F35259AA5568B70BDD0041E7E3D36BECDA2E41AED726A9D1B7A158C5704B9CC1A4BEF45C6C0FF7406850F5CA8DFA278C5AA9588511BC8877F71015ABC16106791D61B85FC3E8EB218B88B5CEB45DA99827A68A797ABCDE9C7E78F71E38A7EFFF0A4FDFED5F4915323F3EF96024F3869A4DFE5F41F5E4DDFB5EA8DE8367779B8A5EA08F97F608AF639FA0977E8D9FDC5DE60070F2FE42AB5D47A14F7EF3FA957DFDB20A93C8268309B5551E41B485A8A34A13A8FED53A479DBE6A939ECAEAADAC4A06D46626E424F63D1BF2FE0E4BD758E31E2308908F856FB0341775BF8D15B9C66EF5B34266FE64FCB65762ECB36119A74A43A695812A15F64668FAE6346B7F86E3DA8D62B4179DBC057B22F40907A9D1D7E195FFC6075BF8391A3E6CA3A17047C3432602695E7497F82A7961DC18AECDD49751AEFCEAB8D7D48D33A0B20C838D1BF9D0E9DAE78F208EB117E3FC1DC44F83CB7E05ED24C2266D8580BF1B9CDAC7A73080F789BF26E6767FB47A13CDE3AFE135B051185D05A45567BCDBD0FE1A26E82A702E01829F919D03929F8FAE6F0ED04B772E6C1BDB816BACCCD059860971AF32C09B009D9EB4B208638751C586A022901256F12F45DD329AD25491422A5D3D555C55D5DDA5075CDFACB779557D67B31AB57DA5D59A76F536DCBA815957F3AAFAAE66356ABB4AAB35ED2A0133EB29ADA9EF685AA1B69F59ADDE82EA5442FD47D529ECF4C3EA6EAEAECE74316C5C61830E7F82018C00D9C10508C12828256062E6C670AD53F1711ED7703BAF98D2CFC04BFA26D56A36A446A0FFD990C24E7F36A4DDC4C5CFAE439C2883BDA6BC328637AAAFDEC6AA9F7342CFF63D1DB861EE9BF87E6C80F17449C3AE067B645CFD1176330ADA86DBA76D5594A3D331D61D53DC892F0A3B8BB16FE26B0F6CCB1B007AC1138C5B771D81E8B50CD20F2CA6B8ADF8F110F12CF45E314BD81598E7E71D247199788838B3D245E67C762409806F8007932A36AD7E2CF32DE3105B7811C7212642D8A0388AA307293C511C9759F5A72AE56E077FB67787B9E512BF1097903E8A6AFD105C420F226891AD0E72996209621B38B2F2E1E1380D3A96BB9D8A8E9527347CE7FE22D1C4730D46A411201B1B3116B71B207962BA81EDEE8057CB25A1A5A19F47C65ED010BF5CC21D0C08C15A4E9810571FC8900E147404A1D47168316734AE5A117581A84EE8B5516929796993BB4EF0F55414FA5544CE03EA7C2B8DAC19C31ED4B24656263D60F66727A19E74E7C1546FC46D0863E51CC864D6EC7F68CC268DC107B19BD51C1B414979969874407BF63D8682D2FD26530510379FA6A6A0C2AE9746416958BC1705E539368282F22C79730A9A6D339ACA5FD8739C9A7AF29B9DFBF73A2BD935826E72FC98986A6601256E83708B229E624670B9261FE18B6AD700F793C68F318D5F451521E02B8878BF8504A665202B7A8C92FB296048176B95688A3BBB35C074A75F82E263B81A1051C3AB00CB5950035A6C52A8D0985D9D1A187A3350C52BDE683418637EE6543948EA293580CDCF872A61E9FA6630EA4A060A5B63021C336DE4AEB2172E998AFA6B99E27C36DA4F284654E8A864178CC27F0647A1A6A2BDE7076EC014EDE1A9CC19A3F0B65180CB8C8DCAA3824775712C03C658ACDE1994CF9D7AFEA8E2AB26115627EE08D190468BF2C1F4CEA5DC14D47349E5E43771F33B714970C9355CCA07D33B97E824AE6792C2D16CE06A766211EF16F6648DF22DF1C28329BE2DE6D93B3A5AB0986B1EDC2DEEC06EE7065BE6011E2DB156D9EBBBE577ABE62FD3FC0C636E73DC16FDAD82120A23B085C2574C1AF734BD317909105803B285BF747CA99AD25FD3AC8B3949D1259305992F94790BF277D64ABAFEAA36E0252BAFF1E8C8FA9A0E14CA06566E69917790C00391E2207F197A891FE87D757DEBFCDD1B8B909799A314CFDA5898A2D01C27BFD2C8C2E46532CA622E30538A0E249149311CAF03661AA270B83BE98AEC9AB7501B03906134887BE0C6C2701FCCF1CA476C2C5859FA7FA64DBAF5C75C7FB878ACB9E654371F4667B23B8F6CFBAC6432529157E03E245404B8EDA5A487D0F13ADF3B61B9ADDB4FD1A3E4A77F2C8AEE447034A931616D177195C16F733955B41D7B2A55BB00B1CA0750F8B37A9C37616E75DB0E8D966B6E77A8D55A5D8D308CA6300F8D5810A6D81CAB7C4AC44295A50D0C4BFE5688B32C79A1394EF91688E35051DA408FCBC3644E95F567CC7AACF2C98F687EB3D2A166970E85BEF661416851430CE6C18804C67C6BE046726F7A383F92FB628E283CDC6121854F4D9C5DE6790EEFEC321F5AE16938AAAE614E417E90C3A2CB5F1BD800F9690E670CE4CF2DB0157D16BF359943D2EB1D7E3A499F9BCD74D92296A5935901159B947DF9B6D9B94637E7568331CC92D88F6FCC3C33E043D6A2B821167D482081D1F249AA9276B3B99D2A656759DD544983A1B739DCED7CDEE4543E29D0637257EE39B35EF5E4408FD74C6147F4B17B0AC5F8B3C8E6EA50D35EBB68B2B7E0B9F5B2EA1AFE9B109B743E205629A817E704C279C082EECDD767E99336EBB32A332BD77EEC89BDC608FA87A4C2E1EA172FDBE62B2BDC81C0DDC01865B7E7672747C72742AEBFE9E4DD9BC7B1E329CE36D8841ACA6BCB7B78E39704EE2F0974D369B571890DEB941F2F780691FD04A23FF9E0E5CF2C568B1C789DB0F81C086B170D98E3EEED094D917BAE13B7C5FC72D3149D7E437B1F42CB79223F76EA90A6A80495AE9CDD040E7C399FFD3B6D75969E3493BFD2E203EB26FE9C2AD199F5884562FD26A716E897E7EAEDE989260733E7EACD3FBF644D0FAC87082F4B67D691C0CB3612E6538635EA4DD6B4436F5A24127B7BF64F35855AD92A219BD734ED5EE5B6F29B327D524AAC4E0C17D35E750213525B75C212D35775532B3145953C7B0CEC4A81C29B968E89AEDCA04EC9BB4F131981CB6CA5D44D61016C9FC8AA4DF75449AC3A698032515527444532AABEF07A61A12ED9541B2C6DA22907FF4469A2A98666479978AA4DD7B449A7DACCAB7247BAA9DB91B71CD1B5546C0EEF63614BF95C9B03A7538684B17D5129554EC740514C87D300AE43CA9B169AF1C6B2C5F4E6632992C1F4863DA66AB7CC00D34273464CC9D23932D249A81756F79647642AA943CA8769E3660CD96792908ABB8A6F3D3748FE0E6BCFE939B40F41BAA52369F72258FB3E61E8C7BFDF403E8F09BC4057BC361D3F6BC7BECD97EE3ACAC4531F34CBCD313165A36F90C7CFC0B16F65D35D5899B8B235CAB331315D1BCB251B59D38CBDB2D1B366C88F3545B1D26B2AC2F5888A6418D90D92F399B30EB1E8B3D044FF265D22A0C88221D3525452925525DEA8E9001FC448A4F9CF4AA269CA5DF5A3601DB1723A68099655F444F5AF9145C24CF6088922F34D458ACD4C512F4CDE00A924C9D7A81E5C338E52C7A992A5B44E35594DA6802ADA741DADA44DEB54D3D6BCBF17690B294124BAC277154D31ED8840718CB422CA37F7AA0434352B90E6FAA93295CDD4D288F016977B815EC504CDDC533E6FEA9F05C3250A693290BA804BA316EAE43F53CE0BD20B533893A5B9AADD3F53864A03D20B4BFAB41E0DD27EC8D777B1E3C7FC53DCD8F98CDD6D0941FE61EE00DA9CCB57D4B9093661EE790A3DCAAB085BCF77100107FB8317117237C046F83339DE4CF383D36CD557FE1A3A37C143827609C24386FEDAE3CE5A88075B453FCD6DC2F779F1B023BFE23E8680BBE99263E187E0C7C4F59CA2DFD78A3D720D04718DE96122912522878ADBD702E93E0C0C8128FB0A8FFE11FA3B0F83C50FC10A900B14CDFB86D5EF166E81FD5A1E3EE940EA05C1B37D71E9826D04FC986294EDF14FACC38EFFF2FDFF00E48865EC917E0000, N'6.1.0-30225')
INSERT [dbo].[Addresses] ([Id], [Detail], [ZipCode], [Active]) VALUES (N'6d75a08f-c449-456f-9da7-10e69a3bca4c', N'laksdjflkadsjoeire23423', NULL, 0)
INSERT [dbo].[Addresses] ([Id], [Detail], [ZipCode], [Active]) VALUES (N'716a8026-1f41-48c1-b16b-4d8140a2b91b', N'aklalkjakj1123', NULL, 0)
INSERT [dbo].[Addresses] ([Id], [Detail], [ZipCode], [Active]) VALUES (N'd332e4a2-c0d8-42e7-bc7d-6c7106e97e44', N'laksjdf93r39', NULL, 0)
INSERT [dbo].[Addresses] ([Id], [Detail], [ZipCode], [Active]) VALUES (N'b4047613-aea4-416c-bdaf-73c3797e9c5c', N'asdkjflkdsaf', NULL, 0)
INSERT [dbo].[Addresses] ([Id], [Detail], [ZipCode], [Active]) VALUES (N'481879d2-61f6-4874-befb-ae5e96ef8329', N'akldsjfklj32453', NULL, 0)
INSERT [dbo].[Addresses] ([Id], [Detail], [ZipCode], [Active]) VALUES (N'cb63c7b8-5233-4659-ae02-d71ca9de39af', N'Dha Phase 2', N'44400', 0)
INSERT [dbo].[Addresses] ([Id], [Detail], [ZipCode], [Active]) VALUES (N'fae5acd5-632e-4c89-8f05-e929ce44803a', N'aaksjjjsdkfjaaak1234', N'123123rr', 0)
INSERT [dbo].[Addresses] ([Id], [Detail], [ZipCode], [Active]) VALUES (N'ed054453-d0bb-4647-834c-fa3e75bc800f', N'Boston', N'3248723', 0)
INSERT [dbo].[AppointedPhysicians] ([Id], [PhysicianId], [ClientId], [Active]) VALUES (N'4b9e7ad0-8a6b-4384-87bb-4cc9f34141cf', N'6ef07e10-b1cb-4b43-9d2f-53db670ad17a', N'8f9945d9-fe6d-488b-b580-4c3f58def0b2', 1)
INSERT [dbo].[AppointedPhysicians] ([Id], [PhysicianId], [ClientId], [Active]) VALUES (N'ba3d3f16-2ba6-462d-82f4-58bb3eea3803', N'6ef07e10-b1cb-4b43-9d2f-53db670ad17a', N'fa95375c-7dac-4df1-9964-7769922e064f', 1)
INSERT [dbo].[AppointedPhysicians] ([Id], [PhysicianId], [ClientId], [Active]) VALUES (N'f6b04ac7-f08a-4bd5-8ac5-641195df841d', N'6ef07e10-b1cb-4b43-9d2f-53db670ad17a', N'f1f7311d-291d-4d50-ac01-2428a21a27b0', 1)
INSERT [dbo].[AppointedPhysicians] ([Id], [PhysicianId], [ClientId], [Active]) VALUES (N'171f8bcb-7916-4a6b-8c41-a0d00a9b959d', N'6ef07e10-b1cb-4b43-9d2f-53db670ad17a', N'd3f210aa-9aec-4e26-af0c-45efd0a98f93', 1)
INSERT [dbo].[AspNetRoles] ([Id], [Name]) VALUES (N'6287ded6-bddf-43c3-b0d2-3d594d6f824f', N'Administrator')
INSERT [dbo].[AspNetRoles] ([Id], [Name]) VALUES (N'aa065820-ef11-456e-967c-abdb5eafb118', N'Client')
INSERT [dbo].[AspNetRoles] ([Id], [Name]) VALUES (N'd4c1e1a4-3d7b-4644-bffc-cb5138400c80', N'Moderator')
INSERT [dbo].[AspNetRoles] ([Id], [Name]) VALUES (N'b15f04a2-6156-4d33-a179-e8aa6b904ee0', N'Physician')
INSERT [dbo].[AspNetUserRoles] ([UserId], [RoleId]) VALUES (N'6ef07e10-b1cb-4b43-9d2f-53db670ad17a', N'6287ded6-bddf-43c3-b0d2-3d594d6f824f')
INSERT [dbo].[AspNetUserRoles] ([UserId], [RoleId]) VALUES (N'8f9945d9-fe6d-488b-b580-4c3f58def0b2', N'aa065820-ef11-456e-967c-abdb5eafb118')
INSERT [dbo].[AspNetUserRoles] ([UserId], [RoleId]) VALUES (N'd3f210aa-9aec-4e26-af0c-45efd0a98f93', N'aa065820-ef11-456e-967c-abdb5eafb118')
INSERT [dbo].[AspNetUserRoles] ([UserId], [RoleId]) VALUES (N'f1f7311d-291d-4d50-ac01-2428a21a27b0', N'aa065820-ef11-456e-967c-abdb5eafb118')
INSERT [dbo].[AspNetUserRoles] ([UserId], [RoleId]) VALUES (N'fa95375c-7dac-4df1-9964-7769922e064f', N'aa065820-ef11-456e-967c-abdb5eafb118')
INSERT [dbo].[AspNetUserRoles] ([UserId], [RoleId]) VALUES (N'6ef07e10-b1cb-4b43-9d2f-53db670ad17a', N'b15f04a2-6156-4d33-a179-e8aa6b904ee0')
INSERT [dbo].[AspNetUsers] ([Id], [FirstName], [LastName], [Remarks], [ImageUrl], [AddressId], [Active], [Email], [EmailConfirmed], [PasswordHash], [SecurityStamp], [PhoneNumber], [PhoneNumberConfirmed], [TwoFactorEnabled], [LockoutEndDateUtc], [LockoutEnabled], [AccessFailedCount], [UserName], [UserType]) VALUES (N'6ef07e10-b1cb-4b43-9d2f-53db670ad17a', N'Venessa', N'Morgan', NULL, N'/images/girl-image.png', N'd332e4a2-c0d8-42e7-bc7d-6c7106e97e44', 1, N'venessa@gmail.com', 0, N'ACl6sNohCik+eeONdKcuLRRMTvNYKMgmsrkmb49AYrvFiIkwfQZDePVWwQQeyOy+Ow==', N'fc3a48fc-40a1-416b-b182-04577a8d9025', N'92083490328', 0, 0, NULL, 1, 0, N'venessa@gmail.com', 0)
INSERT [dbo].[AspNetUsers] ([Id], [FirstName], [LastName], [Remarks], [ImageUrl], [AddressId], [Active], [Email], [EmailConfirmed], [PasswordHash], [SecurityStamp], [PhoneNumber], [PhoneNumberConfirmed], [TwoFactorEnabled], [LockoutEndDateUtc], [LockoutEnabled], [AccessFailedCount], [UserName], [UserType]) VALUES (N'8f9945d9-fe6d-488b-b580-4c3f58def0b2', N'Shawn', N'Shanes', N'', N'/images/img9.png', N'ed054453-d0bb-4647-834c-fa3e75bc800f', 1, N'Shane@gmail.com', 0, N'AL93uTTKxoQD7YNeSTQ1X5y/Zm7TsNmiFE0dw+oJoELae1d2cU46K3d5ir83y8y6fw==', N'a9589497-f112-47c0-9c65-bd89c5b5fcb2', N'23732988', 0, 0, NULL, 1, 0, N'Shane@gmail.com', 0)
INSERT [dbo].[AspNetUsers] ([Id], [FirstName], [LastName], [Remarks], [ImageUrl], [AddressId], [Active], [Email], [EmailConfirmed], [PasswordHash], [SecurityStamp], [PhoneNumber], [PhoneNumberConfirmed], [TwoFactorEnabled], [LockoutEndDateUtc], [LockoutEnabled], [AccessFailedCount], [UserName], [UserType]) VALUES (N'd3f210aa-9aec-4e26-af0c-45efd0a98f93', N'George', N'Foreman', N'This is a description.', N'/images/img9.png', N'716a8026-1f41-48c1-b16b-4d8140a2b91b', 1, N'george@gmail.com', 0, N'AETd4HFtY87aLroCFrIdaPeh8KMqdbs0/I1Sz9iPxrfLXnSUdPQj6fz6MhA9nuplhg==', N'7dec7a02-237a-4649-8181-508accd11a9e', N'2343343', 0, 0, NULL, 1, 0, N'george@gmail.com', 0)
INSERT [dbo].[AspNetUsers] ([Id], [FirstName], [LastName], [Remarks], [ImageUrl], [AddressId], [Active], [Email], [EmailConfirmed], [PasswordHash], [SecurityStamp], [PhoneNumber], [PhoneNumberConfirmed], [TwoFactorEnabled], [LockoutEndDateUtc], [LockoutEnabled], [AccessFailedCount], [UserName], [UserType]) VALUES (N'f1f7311d-291d-4d50-ac01-2428a21a27b0', N'Francis', N'Lee', N'This is a description', N'/images/img8.png', N'fae5acd5-632e-4c89-8f05-e929ce44803a', 1, N'francis@gmail.com', 0, N'AKjESX9ZAVGr36H5wzCztWtgn/nmf662VVJrqb45qR9l5V5Sh5KlrKOd1F2575LqNw==', N'ee14bc76-16e7-4785-ac2f-4ff764e09d04', N'1232322', 0, 0, NULL, 1, 0, N'francis@gmail.com', 0)
INSERT [dbo].[AspNetUsers] ([Id], [FirstName], [LastName], [Remarks], [ImageUrl], [AddressId], [Active], [Email], [EmailConfirmed], [PasswordHash], [SecurityStamp], [PhoneNumber], [PhoneNumberConfirmed], [TwoFactorEnabled], [LockoutEndDateUtc], [LockoutEnabled], [AccessFailedCount], [UserName], [UserType]) VALUES (N'fa95375c-7dac-4df1-9964-7769922e064f', N'Safi', N'Mustafa', N'', N'/images/profile.png', N'cb63c7b8-5233-4659-ae02-d71ca9de39af', 1, N'safi@gmail.com', 0, N'AOBfN01Ps0KL6ngH88zgFrjKcfTAVw/w1UvlHm9CNXEatl7PpznIWzOQM1S70lORkA==', N'8ed7e18c-34f8-4e03-8c2f-73c0d3b6c437', N'90238930', 0, 0, NULL, 1, 0, N'safi@gmail.com', 0)
SET ANSI_PADDING ON
GO
/****** Object:  Index [RoleNameIndex]    Script Date: 5/8/2018 9:45:17 PM ******/
CREATE UNIQUE NONCLUSTERED INDEX [RoleNameIndex] ON [dbo].[AspNetRoles]
(
	[Name] ASC
)WITH (PAD_INDEX = OFF, STATISTICS_NORECOMPUTE = OFF, SORT_IN_TEMPDB = OFF, IGNORE_DUP_KEY = OFF, DROP_EXISTING = OFF, ONLINE = OFF, ALLOW_ROW_LOCKS = ON, ALLOW_PAGE_LOCKS = ON) ON [PRIMARY]
GO
SET ANSI_PADDING ON
GO
/****** Object:  Index [IX_UserId]    Script Date: 5/8/2018 9:45:17 PM ******/
CREATE NONCLUSTERED INDEX [IX_UserId] ON [dbo].[AspNetUserClaims]
(
	[UserId] ASC
)WITH (PAD_INDEX = OFF, STATISTICS_NORECOMPUTE = OFF, SORT_IN_TEMPDB = OFF, DROP_EXISTING = OFF, ONLINE = OFF, ALLOW_ROW_LOCKS = ON, ALLOW_PAGE_LOCKS = ON) ON [PRIMARY]
GO
SET ANSI_PADDING ON
GO
/****** Object:  Index [IX_UserId]    Script Date: 5/8/2018 9:45:17 PM ******/
CREATE NONCLUSTERED INDEX [IX_UserId] ON [dbo].[AspNetUserLogins]
(
	[UserId] ASC
)WITH (PAD_INDEX = OFF, STATISTICS_NORECOMPUTE = OFF, SORT_IN_TEMPDB = OFF, DROP_EXISTING = OFF, ONLINE = OFF, ALLOW_ROW_LOCKS = ON, ALLOW_PAGE_LOCKS = ON) ON [PRIMARY]
GO
SET ANSI_PADDING ON
GO
/****** Object:  Index [IX_RoleId]    Script Date: 5/8/2018 9:45:17 PM ******/
CREATE NONCLUSTERED INDEX [IX_RoleId] ON [dbo].[AspNetUserRoles]
(
	[RoleId] ASC
)WITH (PAD_INDEX = OFF, STATISTICS_NORECOMPUTE = OFF, SORT_IN_TEMPDB = OFF, DROP_EXISTING = OFF, ONLINE = OFF, ALLOW_ROW_LOCKS = ON, ALLOW_PAGE_LOCKS = ON) ON [PRIMARY]
GO
SET ANSI_PADDING ON
GO
/****** Object:  Index [IX_UserId]    Script Date: 5/8/2018 9:45:17 PM ******/
CREATE NONCLUSTERED INDEX [IX_UserId] ON [dbo].[AspNetUserRoles]
(
	[UserId] ASC
)WITH (PAD_INDEX = OFF, STATISTICS_NORECOMPUTE = OFF, SORT_IN_TEMPDB = OFF, DROP_EXISTING = OFF, ONLINE = OFF, ALLOW_ROW_LOCKS = ON, ALLOW_PAGE_LOCKS = ON) ON [PRIMARY]
GO
/****** Object:  Index [IX_AddressId]    Script Date: 5/8/2018 9:45:17 PM ******/
CREATE NONCLUSTERED INDEX [IX_AddressId] ON [dbo].[AspNetUsers]
(
	[AddressId] ASC
)WITH (PAD_INDEX = OFF, STATISTICS_NORECOMPUTE = OFF, SORT_IN_TEMPDB = OFF, DROP_EXISTING = OFF, ONLINE = OFF, ALLOW_ROW_LOCKS = ON, ALLOW_PAGE_LOCKS = ON) ON [PRIMARY]
GO
SET ANSI_PADDING ON
GO
/****** Object:  Index [UserNameIndex]    Script Date: 5/8/2018 9:45:17 PM ******/
CREATE UNIQUE NONCLUSTERED INDEX [UserNameIndex] ON [dbo].[AspNetUsers]
(
	[UserName] ASC
)WITH (PAD_INDEX = OFF, STATISTICS_NORECOMPUTE = OFF, SORT_IN_TEMPDB = OFF, IGNORE_DUP_KEY = OFF, DROP_EXISTING = OFF, ONLINE = OFF, ALLOW_ROW_LOCKS = ON, ALLOW_PAGE_LOCKS = ON) ON [PRIMARY]
GO
ALTER TABLE [dbo].[AspNetUsers] ADD  DEFAULT ((0)) FOR [UserType]
GO
ALTER TABLE [dbo].[AspNetUserClaims]  WITH CHECK ADD  CONSTRAINT [FK_dbo.AspNetUserClaims_dbo.AspNetUsers_UserId] FOREIGN KEY([UserId])
REFERENCES [dbo].[AspNetUsers] ([Id])
ON DELETE CASCADE
GO
ALTER TABLE [dbo].[AspNetUserClaims] CHECK CONSTRAINT [FK_dbo.AspNetUserClaims_dbo.AspNetUsers_UserId]
GO
ALTER TABLE [dbo].[AspNetUserLogins]  WITH CHECK ADD  CONSTRAINT [FK_dbo.AspNetUserLogins_dbo.AspNetUsers_UserId] FOREIGN KEY([UserId])
REFERENCES [dbo].[AspNetUsers] ([Id])
ON DELETE CASCADE
GO
ALTER TABLE [dbo].[AspNetUserLogins] CHECK CONSTRAINT [FK_dbo.AspNetUserLogins_dbo.AspNetUsers_UserId]
GO
ALTER TABLE [dbo].[AspNetUserRoles]  WITH CHECK ADD  CONSTRAINT [FK_dbo.AspNetUserRoles_dbo.AspNetRoles_RoleId] FOREIGN KEY([RoleId])
REFERENCES [dbo].[AspNetRoles] ([Id])
ON DELETE CASCADE
GO
ALTER TABLE [dbo].[AspNetUserRoles] CHECK CONSTRAINT [FK_dbo.AspNetUserRoles_dbo.AspNetRoles_RoleId]
GO
ALTER TABLE [dbo].[AspNetUserRoles]  WITH CHECK ADD  CONSTRAINT [FK_dbo.AspNetUserRoles_dbo.AspNetUsers_UserId] FOREIGN KEY([UserId])
REFERENCES [dbo].[AspNetUsers] ([Id])
ON DELETE CASCADE
GO
ALTER TABLE [dbo].[AspNetUserRoles] CHECK CONSTRAINT [FK_dbo.AspNetUserRoles_dbo.AspNetUsers_UserId]
GO
ALTER TABLE [dbo].[AspNetUsers]  WITH CHECK ADD  CONSTRAINT [FK_dbo.AspNetUsers_dbo.Addresses_AddressId] FOREIGN KEY([AddressId])
REFERENCES [dbo].[Addresses] ([Id])
ON DELETE CASCADE
GO
ALTER TABLE [dbo].[AspNetUsers] CHECK CONSTRAINT [FK_dbo.AspNetUsers_dbo.Addresses_AddressId]
GO
USE [master]
GO
ALTER DATABASE [HealthCare] SET  READ_WRITE 
GO
